[
	{ "id": "1", "code": "CODE20", "discount_ammount": 20, "expiration_at": "2032-06-12" },
	{ "id": "2", "code": "CODE30", "discount_ammount": 30, "expiration_at": "2020-12-12" },
	{ "id": "3", "code": "CODE40", "discount_ammount": 40, "expiration_at": "2020-05-13" },
	{ "id": "4", "code": "CODE50", "discount_ammount": 50, "expiration_at": "2030-07-17" },
	{ "id": "5", "code": "CODE60", "discount_ammount": 50, "expiration_at": "2030-04-15" },
	{ "id": "6", "code": "CODE60", "discount_ammount": 60, "expiration_at": "2019-03-18" },
	{ "id": "7", "code": "CODE100", "discount_ammount": 100, "expiration_at": "2032-02-15" },
	{ "id": "8", "code": "CODE150", "discount_ammount": 150, "expiration_at": "2033-01-16" }
]
