[
	{
		"id": "1",
		"hotel_id": 1,
		"city": "İstanbul",
		"possibilities": [
			"SPA Salonu",
			"Spor Salonu",
			"Kapalı Yüzme Havuzu",
			"Açık Yüzme Havuzu",
			"Balo Salonu",
			"Toplantı Salonu"
		],
		"max_adult_size": 4,
		"child_status": true,
		"room_type": [
			{
				"id": 1,
				"title": "Standart",
				"description": "Ut urna sapien, laoreet quis lorem eu, sodales dapibus leo. Donec maximus lectus sed consequat vestibulum. Class aptent taciti sociosqu ad litora torquent per conubia nostra, per inceptos himenaeos.",
				"photo": "https://teknasyon-mailling.s3.eu-central-1.amazonaws.com/challenge/frontend/img/1-standart.jpg",
				"price": 1127
			},
			{
				"id": 2,
				"title": "Deluxe",
				"description": "Sed molestie, dolor in cursus luctus, mi nisl egestas urna, a aliquam nibh risus id leo. Nam vel gravida ligula. Morbi dolor diam, suscipit sed accumsan at, finibus a nibh.",
				"photo": "https://teknasyon-mailling.s3.eu-central-1.amazonaws.com/challenge/frontend/img/1-deluxe.jpg",
				"price": 2647
			},
			{
				"id": 4,
				"title": "Suit",
				"description": "Cras nec feugiat orci. Nullam placerat aliquet sapien a iaculis. Quisque at porta lorem. Etiam eu vulputate tellus. Proin facilisis urna finibus, tincidunt odio pulvinar, sodales tortor.",
				"photo": "https://teknasyon-mailling.s3.eu-central-1.amazonaws.com/challenge/frontend/img/1-suit.jpg",
				"price": 4647
			}
		],
		"room_scenic": [
			{
				"id": 1,
				"title": "Kara Manzaralı",
				"photo": "https://teknasyon-mailling.s3.eu-central-1.amazonaws.com/challenge/frontend/img/land-view.jpg",
				"price_rate": 1
			},
			{
				"id": 2,
				"title": "Havuz Manzaralı",
				"photo": "https://teknasyon-mailling.s3.eu-central-1.amazonaws.com/challenge/frontend/img/pool-view.jpg",
				"price_rate": 15
			},
			{
				"id": 3,
				"title": "Deniz Manzaralı",
				"photo": "https://teknasyon-mailling.s3.eu-central-1.amazonaws.com/challenge/frontend/img/sea-view.jpg",
				"price_rate": 38
			}
		]
	},
	{
		"id": "2",
		"hotel_id": 2,
		"city": "İstanbul",
		"possibilities": ["Kapalı Yüzme Havuzu", "Açık Yüzme Havuzu", "Sauna", "Tenis Kortu", "Spor Salonu"],
		"max_adult_size": 5,
		"child_status": false,
		"room_type": [
			{
				"id": 1,
				"title": "Standart",
				"description": "Sed efficitur ligula nibh, sed interdum libero pretium at. Mauris eget lacinia lorem. Praesent sodales, lorem eu pretium tempor.",
				"photo": "https://teknasyon-mailling.s3.eu-central-1.amazonaws.com/challenge/frontend/img/2-standart.jpg",
				"price": 1578
			},
			{
				"id": 2,
				"title": "Deluxe",
				"description": "Vestibulum ante ipsum primis in faucibus orci luctus et ultrices posuere cubilia curae; Cras vitae nisi id risus fermentum fermentum.",
				"photo": "https://teknasyon-mailling.s3.eu-central-1.amazonaws.com/challenge/frontend/img/2-deluxe.jpg",
				"price": 1678
			},
			{
				"id": 4,
				"title": "Suit",
				"description": "Suspendisse potenti. Cras blandit urna non ante dignissim, sed tempus nisi ornare. Cras ultrices felis in urna ultrices congue. In tristique leo eu ante dapibus, quis congue augue tristique.",
				"photo": "https://teknasyon-mailling.s3.eu-central-1.amazonaws.com/challenge/frontend/img/2-suit.jpg",
				"price": 2420
			}
		],
		"room_scenic": [
			{
				"id": 1,
				"title": "Kara Manzaralı",
				"photo": "https://teknasyon-mailling.s3.eu-central-1.amazonaws.com/challenge/frontend/img/land-view.jpg",
				"price_rate": 1
			},
			{
				"id": 2,
				"title": "Havuz Manzaralı",
				"photo": "https://teknasyon-mailling.s3.eu-central-1.amazonaws.com/challenge/frontend/img/pool-view.jpg",
				"price_rate": 15
			},
			{
				"id": 3,
				"title": "Deniz Manzaralı",
				"photo": "https://teknasyon-mailling.s3.eu-central-1.amazonaws.com/challenge/frontend/img/sea-view.jpg",
				"price_rate": 35
			}
		]
	},
	{
		"id": "3",
		"hotel_id": 3,
		"city": "Antalya",
		"possibilities": ["Kapalı Yüzme Havuzu", "Açık Yüzme Havuzu", "Masaj", "Özel Plaj", "Fitness Center"],
		"max_adult_size": 8,
		"child_status": true,
		"room_type": [
			{
				"id": 1,
				"title": "Standart",
				"description": "Aliquam dapibus dictum massa, eget rhoncus sapien sodales vel. Duis ultrices ligula lectus, molestie ullamcorper velit finibus sed.",
				"photo": "https://teknasyon-mailling.s3.eu-central-1.amazonaws.com/challenge/frontend/img/3-standart.jpg",
				"price": 559
			},
			{
				"id": 2,
				"title": "Deluxe",
				"description": "Quisque ex ipsum, fringilla sit amet pharetra a, vestibulum vitae ligula. Maecenas rhoncus sapien nisl, in vehicula nisl vestibulum ultrices.",
				"photo": "https://teknasyon-mailling.s3.eu-central-1.amazonaws.com/challenge/frontend/img/3-deluxe.jpg",
				"price": 699
			},
			{
				"id": 4,
				"title": "Suit",
				"description": "Suspendisse dignissim mauris elit. Sed hendrerit est eget lectus eleifend suscipit. Etiam eu nulla hendrerit, aliquet purus vel, volutpat diam.",
				"photo": "https://teknasyon-mailling.s3.eu-central-1.amazonaws.com/challenge/frontend/img/1-suit.jpg",
				"price": 2012
			}
		],
		"room_scenic": [
			{
				"id": 1,
				"title": "Kara Manzaralı",
				"photo": "https://teknasyon-mailling.s3.eu-central-1.amazonaws.com/challenge/frontend/img/land-view.jpg",
				"price_rate": 1
			},
			{
				"id": 2,
				"title": "Havuz Manzaralı",
				"photo": "https://teknasyon-mailling.s3.eu-central-1.amazonaws.com/challenge/frontend/img/pool-view.jpg",
				"price_rate": 12
			},
			{
				"id": 3,
				"title": "Deniz Manzaralı",
				"photo": "https://teknasyon-mailling.s3.eu-central-1.amazonaws.com/challenge/frontend/img/sea-view.jpg",
				"price_rate": 37
			}
		]
	},
	{
		"id": "4",
		"hotel_id": 4,
		"city": "İzmir",
		"possibilities": ["Açık Yüzme Havuzu", "Sauna", "SPA Salonu", "Bar"],
		"max_adult_size": 12,
		"child_status": false,
		"room_type": [
			{
				"id": 1,
				"title": "Standart",
				"description": "Pellentesque venenatis velit pulvinar risus pulvinar, sit amet euismod magna tempor. Nullam eros sapien, ullamcorper in mauris ac, accumsan elementum lacus",
				"photo": "https://teknasyon-mailling.s3.eu-central-1.amazonaws.com/challenge/frontend/img/4-standart.jpg",
				"price": 539
			},
			{
				"id": 2,
				"title": "Deluxe",
				"description": "Nullam varius eu erat et rhoncus. Morbi vel urna euismod, dapibus tortor nec, tincidunt mauris. In egestas nunc id felis pretium posuere.",
				"photo": "https://teknasyon-mailling.s3.eu-central-1.amazonaws.com/challenge/frontend/img/4-deluxe.jpg",
				"price": 1520
			},
			{
				"id": 3,
				"title": "Suit",
				"description": "Nunc feugiat felis vitae ligula lacinia, vitae dignissim enim efficitur. Ut diam mauris, viverra nec sodales sed, pellentesque id felis. ",
				"photo": "https://teknasyon-mailling.s3.eu-central-1.amazonaws.com/challenge/frontend/img/4-suit.jpg",
				"price": 2441
			}
		],
		"room_scenic": [
			{
				"id": 1,
				"title": "Kara Manzaralı",
				"photo": "https://teknasyon-mailling.s3.eu-central-1.amazonaws.com/challenge/frontend/img/land-view.jpg",
				"price_rate": 1
			},
			{
				"id": 2,
				"title": "Havuz Manzaralı",
				"photo": "https://teknasyon-mailling.s3.eu-central-1.amazonaws.com/challenge/frontend/img/pool-view.jpg",
				"price_rate": 14
			},
			{
				"id": 3,
				"title": "Deniz Manzaralı",
				"photo": "https://teknasyon-mailling.s3.eu-central-1.amazonaws.com/challenge/frontend/img/sea-view.jpg",
				"price_rate": 46
			}
		]
	},
	{
		"id": "5",
		"hotel_id": 5,
		"city": "Antalya",
		"possibilities": [
			"Kapalı Yüzme Havuzu",
			"Açık Yüzme Havuzu",
			"Buhar Odası",
			"Havaalanı Transfer",
			"Özel Plaj",
			"Ücretsiz Wi-fi",
			"Sauna",
			"Ücretsiz Açık Büfe Kahvaltı",
			"İçecekler, Akşam yemeği, Öğle yemeği",
			"Fitness Merkezi"
		],
		"max_adult_size": 11,
		"child_status": true,
		"room_type": [
			{
				"id": 1,
				"title": "Standart",
				"description": "Donec faucibus magna posuere, maximus nisi eget, vulputate arcu. Duis rutrum facilisis orci vel aliquam.",
				"photo": "https://teknasyon-mailling.s3.eu-central-1.amazonaws.com/challenge/frontend/img/5-standart.jpg",
				"price": 1083
			},
			{
				"id": 2,
				"title": "Deluxe",
				"description": "Vestibulum fermentum posuere varius. Pellentesque luctus enim lacus, a porta ante lacinia sit amet.",
				"photo": "https://teknasyon-mailling.s3.eu-central-1.amazonaws.com/challenge/frontend/img/5-deluxe.jpg",
				"price": 1244
			},
			{
				"id": 4,
				"title": "Suit",
				"description": "Morbi faucibus tortor urna. Phasellus id erat eu sapien tristique malesuada. Vivamus neque augue, laoreet feugiat velit at, sodales maximus tortor.",
				"photo": "https://teknasyon-mailling.s3.eu-central-1.amazonaws.com/challenge/frontend/img/1-suit.jpg",
				"price": 2657
			}
		],
		"room_scenic": [
			{
				"id": 1,
				"title": "Kara Manzaralı",
				"photo": "https://teknasyon-mailling.s3.eu-central-1.amazonaws.com/challenge/frontend/img/land-view.jpg",
				"price_rate": 1
			},
			{
				"id": 2,
				"title": "Havuz Manzaralı",
				"photo": "https://teknasyon-mailling.s3.eu-central-1.amazonaws.com/challenge/frontend/img/pool-view.jpg",
				"price_rate": 12
			},
			{
				"id": 3,
				"title": "Deniz Manzaralı",
				"photo": "https://teknasyon-mailling.s3.eu-central-1.amazonaws.com/challenge/frontend/img/sea-view.jpg",
				"price_rate": 27
			}
		]
	},
	{
		"id": "6",
		"hotel_id": 6,
		"city": "Muğla",
		"possibilities": [
			"Kapalı Yüzme Havuzu",
			"Açık Yüzme Havuzu",
			"Masaj",
			"Spa",
			"Bahçe",
			"Masa Tenisi",
			"Su Parkı",
			"Dart Tahtası",
			"Mini Golf Pisti",
			"Su Sporları (motorsuz)",
			"Fitness Merkezi",
			"Özel Plaj",
			"Sauna"
		],
		"max_adult_size": 4,
		"child_status": false,
		"room_type": [
			{
				"id": 1,
				"title": "Standart",
				"description": "Duis congue nulla orci, ac fermentum purus laoreet ut. Cras egestas ipsum a felis cursus, a semper nisi auctor.",
				"photo": "https://teknasyon-mailling.s3.eu-central-1.amazonaws.com/challenge/frontend/img/6-standart.jpg",
				"price": 447
			},
			{
				"id": 2,
				"title": "Deluxe",
				"description": "Fusce elementum nibh eget ligula rhoncus, eu scelerisque tortor viverra. Nunc aliquet sit amet urna sit amet pharetra.",
				"photo": "https://teknasyon-mailling.s3.eu-central-1.amazonaws.com/challenge/frontend/img/6-deluxe.jpg",
				"price": 550
			},
			{
				"id": 4,
				"title": "Suit",
				"description": "Proin id velit dapibus, lacinia metus non, suscipit ex. Aliquam blandit orci eget nisl pharetra, vel sagittis lacus luctus.",
				"photo": "https://teknasyon-mailling.s3.eu-central-1.amazonaws.com/challenge/frontend/img/6-suit.jpg",
				"price": 1200
			}
		],
		"room_scenic": [
			{
				"id": 1,
				"title": "Kara Manzaralı",
				"photo": "https://teknasyon-mailling.s3.eu-central-1.amazonaws.com/challenge/frontend/img/land-view.jpg",
				"price_rate": 1
			},
			{
				"id": 2,
				"title": "Havuz Manzaralı",
				"photo": "https://teknasyon-mailling.s3.eu-central-1.amazonaws.com/challenge/frontend/img/pool-view.jpg",
				"price_rate": 11
			},
			{
				"id": 3,
				"title": "Deniz Manzaralı",
				"photo": "https://teknasyon-mailling.s3.eu-central-1.amazonaws.com/challenge/frontend/img/sea-view.jpg",
				"price_rate": 26
			}
		]
	},
	{
		"id": "7",
		"hotel_id": 7,
		"city": "İstanbul",
		"possibilities": [
			"Kapalı Yüzme Havuzu",
			"Açık Yüzme Havuzu",
			"Bahçe",
			"Masa Tenisi",
			"Su Parkı",
			"Dart Tahtası",
			"Fitness Center"
		],
		"max_adult_size": 10,
		"child_status": false,
		"room_type": [
			{
				"id": 1,
				"title": "Standart",
				"description": "Cras lorem orci, ullamcorper nec feugiat nec, varius scelerisque nisi. Aenean et mi sagittis, tempor elit sed.",
				"photo": "https://teknasyon-mailling.s3.eu-central-1.amazonaws.com/challenge/frontend/img/7-standart.jpg",
				"price": 1087
			},
			{
				"id": 2,
				"title": "Deluxe",
				"description": "Sed congue odio eu nisi fermentum, a imperdiet leo bibendum. Praesent scelerisque tortor id massa pharetra rutrum.",
				"photo": "https://teknasyon-mailling.s3.eu-central-1.amazonaws.com/challenge/frontend/img/7-deluxe.jpg",
				"price": 1711
			},
			{
				"id": 4,
				"title": "Suit",
				"description": "Suspendisse vel metus volutpat leo suscipit tempus. Fusce consectetur augue vel pretium pretium. Nam ultricies dolor mi, vel lobortis dolor fermentum vel.",
				"photo": "https://teknasyon-mailling.s3.eu-central-1.amazonaws.com/challenge/frontend/img/7-suit.jpg",
				"price": 2277
			}
		],
		"room_scenic": [
			{
				"id": 1,
				"title": "Kara Manzaralı",
				"photo": "https://teknasyon-mailling.s3.eu-central-1.amazonaws.com/challenge/frontend/img/land-view.jpg",
				"price_rate": 1
			},
			{
				"id": 2,
				"title": "Havuz Manzaralı",
				"photo": "https://teknasyon-mailling.s3.eu-central-1.amazonaws.com/challenge/frontend/img/pool-view.jpg",
				"price_rate": 17
			},
			{
				"id": 3,
				"title": "Deniz Manzaralı",
				"photo": "https://teknasyon-mailling.s3.eu-central-1.amazonaws.com/challenge/frontend/img/sea-view.jpg",
				"price_rate": 42
			}
		]
	},
	{
		"id": "8",
		"hotel_id": 8,
		"city": "İzmir",
		"possibilities": [
			"Kapalı Yüzme Havuzu",
			"Açık Yüzme Havuzu",
			"Fitness merkezi",
			"Restoran",
			"Çamaşır Yıkama Hizmeti",
			"Aile Odası",
			"Çocuk Bakıcılığı"
		],
		"max_adult_size": 9,
		"child_status": true,
		"room_type": [
			{
				"id": 1,
				"title": "Standart",
				"description": "Vivamus aliquet ante sit amet porttitor ullamcorper. In quis molestie purus. Praesent nec lorem malesuada leo pellentesque tristique vel tincidunt sapien.",
				"photo": "https://teknasyon-mailling.s3.eu-central-1.amazonaws.com/challenge/frontend/img/8-standart.jpg",
				"price": 541
			},
			{
				"id": 2,
				"title": "Deluxe",
				"description": "Pellentesque interdum lacus at nunc lobortis, tempor pharetra leo egestas. Fusce risus felis, consequat eu risus ut, interdum volutpat dolor.",
				"photo": "https://teknasyon-mailling.s3.eu-central-1.amazonaws.com/challenge/frontend/img/8-deluxe.jpg",
				"price": 631
			},
			{
				"id": 4,
				"title": "Suit",
				"description": "Duis id magna et velit tempor accumsan. Nam ultrices fringilla sapien a interdum. Vivamus fermentum risus in est pellentesque.",
				"photo": "https://teknasyon-mailling.s3.eu-central-1.amazonaws.com/challenge/frontend/img/8-suit.jpg",
				"price": 820
			}
		],
		"room_scenic": [
			{
				"id": 1,
				"title": "Kara Manzaralı",
				"photo": "https://teknasyon-mailling.s3.eu-central-1.amazonaws.com/challenge/frontend/img/land-view.jpg",
				"price_rate": 1
			},
			{
				"id": 2,
				"title": "Havuz Manzaralı",
				"photo": "https://teknasyon-mailling.s3.eu-central-1.amazonaws.com/challenge/frontend/img/pool-view.jpg",
				"price_rate": 13
			},
			{
				"id": 3,
				"title": "Deniz Manzaralı",
				"photo": "https://teknasyon-mailling.s3.eu-central-1.amazonaws.com/challenge/frontend/img/sea-view.jpg",
				"price_rate": 27
			}
		]
	},
	{
		"id": "9",
		"hotel_id": 9,
		"city": "Çanakkale",
		"possibilities": [
			"Açık Yüzme Havuzu",
			"Açık yüzme havuzu",
			"Fitness Merkezi",
			"Sauna",
			"Buhar Odası",
			"Masaj",
			"Spa"
		],
		"max_adult_size": 10,
		"child_status": true,
		"room_type": [
			{
				"id": 1,
				"title": "Standart",
				"description": "Nam accumsan dolor ligula, eget condimentum mi aliquam sed. Proin dapibus nulla libero, at sagittis nisl ornare eget.",
				"photo": "https://teknasyon-mailling.s3.eu-central-1.amazonaws.com/challenge/frontend/img/9-standart.jpg",
				"price": 627
			},
			{
				"id": 2,
				"title": "Deluxe",
				"description": "Etiam pretium tempor ligula, et pharetra risus aliquet sit amet. Sed sagittis molestie tellus quis ullamcorper.",
				"photo": "https://teknasyon-mailling.s3.eu-central-1.amazonaws.com/challenge/frontend/img/9-deluxe.jpg",
				"price": 820
			},
			{
				"id": 4,
				"title": "Suit",
				"description": "Proin quis porta turpis, nec consequat mauris. Quisque quis interdum nibh. Sed porta enim tellus, suscipit convallis sapien dictum ac.",
				"photo": "https://teknasyon-mailling.s3.eu-central-1.amazonaws.com/challenge/frontend/img/1-suit.jpg",
				"price": 1013
			}
		],
		"room_scenic": [
			{
				"id": 1,
				"title": "Kara Manzaralı",
				"photo": "https://teknasyon-mailling.s3.eu-central-1.amazonaws.com/challenge/frontend/img/land-view.jpg",
				"price_rate": 1
			},
			{
				"id": 2,
				"title": "Havuz Manzaralı",
				"photo": "https://teknasyon-mailling.s3.eu-central-1.amazonaws.com/challenge/frontend/img/pool-view.jpg",
				"price_rate": 14
			},
			{
				"id": 3,
				"title": "Deniz Manzaralı",
				"photo": "https://teknasyon-mailling.s3.eu-central-1.amazonaws.com/challenge/frontend/img/sea-view.jpg",
				"price_rate": 19
			}
		]
	},
	{
		"id": "10",
		"hotel_id": 10,
		"city": "Antalya",
		"possibilities": [
			"Kapalı Yüzme Havuzu",
			"Açık Yüzme Havuzu",
			"Jakuzi",
			"Sauna",
			"Bahçe",
			"Kano",
			"Spa",
			"Dalış",
			"Kapalı Yüzme Havuzu",
			"Su Sporları (motorlu)",
			"Fitness Merkezi",
			"Masaj",
			"Su sporları (motorsuz)",
			"Gece kulübü",
			"Masa Tenisi",
			"Şnorkel",
			"Geziler",
			"Özel Plaj",
			"Tenis Kortu"
		],
		"max_adult_size": 6,
		"child_status": true,
		"room_type": [
			{
				"id": 1,
				"title": "Standart",
				"description": "Aliquam nec turpis ante. Fusce pretium tellus magna, vitae lobortis ante ornare eget. Morbi bibendum neque mollis imperdiet cursus.",
				"photo": "https://teknasyon-mailling.s3.eu-central-1.amazonaws.com/challenge/frontend/img/10-standart.jpg",
				"price": 610
			},
			{
				"id": 2,
				"title": "Deluxe",
				"description": "Nullam turpis elit, mollis tempor lacus dignissim, consequat fringilla neque. Pellentesque viverra, leo vitae convallis tincidunt, nulla sem.",
				"photo": "https://teknasyon-mailling.s3.eu-central-1.amazonaws.com/challenge/frontend/img/10-deluxe.jpg",
				"price": 1258
			},
			{
				"id": 4,
				"title": "Suit",
				"description": "Duis risus lectus, varius id tortor placerat, tincidunt finibus orci. Lorem ipsum dolor sit amet, consectetur adipiscing elit.",
				"photo": "https://teknasyon-mailling.s3.eu-central-1.amazonaws.com/challenge/frontend/img/10-suit.jpg",
				"price": 1549
			}
		],
		"room_scenic": [
			{
				"id": 1,
				"title": "Kara Manzaralı",
				"photo": "https://teknasyon-mailling.s3.eu-central-1.amazonaws.com/challenge/frontend/img/land-view.jpg",
				"price_rate": 1
			},
			{
				"id": 2,
				"title": "Havuz Manzaralı",
				"photo": "https://teknasyon-mailling.s3.eu-central-1.amazonaws.com/challenge/frontend/img/pool-view.jpg",
				"price_rate": 26
			},
			{
				"id": 3,
				"title": "Deniz Manzaralı",
				"photo": "https://teknasyon-mailling.s3.eu-central-1.amazonaws.com/challenge/frontend/img/sea-view.jpg",
				"price_rate": 55
			}
		]
	}
]
