[
	{
		"id": 1,
		"hotel_id": 2,
		"start_date": "2021-06-29",
		"end_date": "2021-06-30",
		"adult": 2,
		"child": 0,
		"room_type": 2,
		"room_scenic": 2,
		"price": 7618,
		"coupon_code": "CODE100",
		"card_name": "amir tabatabaii",
		"card_number": "1111222233334444",
		"card_date_month": "7",
		"card_date_year": "28",
		"card_cvv": "384"
	},
	{
		"hotel_id": 2,
		"start_date": "2021-06-28",
		"end_date": "2021-06-30",
		"adult": 3,
		"child": 0,
		"room_type": 2,
		"room_scenic": 11,
		"price": 14520,
		"coupon_code": "CODE100",
		"card_name": "Didem Tümer",
		"card_number": "4444444444444444",
		"card_date_month": "11",
		"card_date_year": "2035",
		"card_cvv": "255",
		"id": 2,
		"room_scnic": "Kara Manzaralı"
	},
	{
		"hotel_id": 3,
		"start_date": "2021-06-29",
		"end_date": "2021-07-09",
		"adult": 2,
		"child": 2,
		"room_type": 4,
		"room_scenic": 69,
		"price": 40240,
		"coupon_code": "CODE100",
		"card_name": "Didem Tümer",
		"card_number": "1111111111111111",
		"card_date_month": "11",
		"card_date_year": "2025",
		"card_cvv": "111",
		"id": 3,
		"room_scnic": "Havuz Manzaralı"
	},
	{
		"hotel_id": 4,
		"start_date": "2021-06-29",
		"end_date": "2021-06-30",
		"adult": 2,
		"child": 0,
		"room_type": 2,
		"room_scenic": 92,
		"price": 4882,
		"coupon_code": "CODE100",
		"card_name": "Didem Tümer",
		"card_number": "5555555555555555",
		"card_date_month": "8",
		"card_date_year": "2025",
		"card_cvv": "999",
		"id": 4,
		"room_scnic": "Deniz Manzaralı"
	},
	{
		"hotel_id": 4,
		"start_date": "2021-06-29",
		"end_date": "2021-06-30",
		"adult": 2,
		"child": 0,
		"room_type": 2,
		"room_scenic": 93,
		"price": 4882,
		"coupon_code": "CODE100",
		"card_name": "Didem Tümer",
		"card_number": "5555555555555555",
		"card_date_month": "8",
		"card_date_year": "2025",
		"card_cvv": "999",
		"id": 5,
		"room_scnic": "Deniz Manzaralı"
	},
	{
		"hotel_id": 2,
		"start_date": "2021-06-29",
		"end_date": "2021-06-30",
		"adult": 1,
		"child": 0,
		"room_type": 2,
		"room_scenic": 67,
		"price": 2420,
		"coupon_code": "CODE100",
		"card_name": "Didem Tümer",
		"card_number": "5555555555555555",
		"card_date_month": "5",
		"card_date_year": "2025",
		"card_cvv": "666",
		"id": 6,
		"room_scnic": "Deniz Manzaralı"
	},
	{
		"hotel_id": 2,
		"start_date": "2021-06-29",
		"end_date": "2021-06-30",
		"adult": 1,
		"child": 0,
		"room_type": 2,
		"room_scenic": 41,
		"price": 2420,
		"coupon_code": "CODE100",
		"card_name": "Didem Tümer",
		"card_number": "5555555555555555",
		"card_date_month": "5",
		"card_date_year": "2025",
		"card_cvv": "666",
		"id": 7,
		"room_scnic": "Deniz Manzaralı"
	},
	{
		"hotel_id": 3,
		"start_date": "2021-06-29",
		"end_date": "2021-06-29",
		"adult": 2,
		"child": 2,
		"room_type": 4,
		"room_scenic": 100,
		"price": 0,
		"coupon_code": "CODE100",
		"card_name": "Didem Tümer",
		"card_number": "5555555555555555",
		"card_date_month": "2",
		"card_date_year": "2025",
		"card_cvv": "656",
		"id": 8,
		"room_scnic": "Havuz Manzaralı"
	},
	{
		"hotel_id": 3,
		"start_date": "2021-06-29",
		"end_date": "2021-06-29",
		"adult": 2,
		"child": 2,
		"room_type": 4,
		"room_scenic": 31,
		"price": 0,
		"coupon_code": "CODE100",
		"card_name": "Didem Tümer",
		"card_number": "5555555555555555",
		"card_date_month": "9",
		"card_date_year": "2023",
		"card_cvv": "222",
		"id": 9,
		"room_scnic": "Havuz Manzaralı"
	},
	{
		"hotel_id": 1,
		"start_date": "2021-06-29",
		"end_date": "2021-07-02",
		"adult": 1,
		"child": 1,
		"room_type": 4,
		"room_scenic": 77,
		"price": 13941,
		"coupon_code": "CODE100",
		"card_name": "Didem Tümer",
		"card_number": "2222222222222222",
		"card_date_month": "2",
		"card_date_year": "2023",
		"card_cvv": "222",
		"id": 10,
		"room_scnic": "Havuz Manzaralı"
	},
	{
		"hotel_id": 2,
		"start_date": "2021-06-30",
		"end_date": "2021-06-29",
		"adult": 2,
		"child": 0,
		"room_type": 4,
		"room_scenic": 76,
		"price": 4840,
		"coupon_code": "CODE100",
		"card_name": "",
		"card_number": "",
		"card_date_month": "",
		"card_date_year": "",
		"card_cvv": "",
		"id": 11,
		"room_scnic": "Kara Manzaralı"
	},
	{
		"hotel_id": 2,
		"start_date": "2021-06-23",
		"end_date": "2021-06-24",
		"adult": 1,
		"child": 51,
		"room_type": 2,
		"room_scenic": 3,
		"price": 3652.86,
		"coupon_code": "coupon_code 12",
		"card_name": "asdasdasdasdasdasdasdad",
		"card_number": "2342123123123123",
		"card_date_month": "05",
		"card_date_year": "2028",
		"card_cvv": "123",
		"id": 12,
		"room_scnic": "Deniz Manzaralı"
	},
	{
		"hotel_id": 1,
		"start_date": "2021-06-29",
		"end_date": "2021-06-29",
		"adult": 1,
		"child": 2,
		"room_type": 1,
		"room_scenic": 77,
		"price": 0,
		"coupon_code": "CODE100",
		"card_name": "231312321321321312312",
		"card_number": "1231232131232131",
		"card_date_month": "12",
		"card_date_year": "2024",
		"card_cvv": "111",
		"id": 13,
		"room_scnic": "Deniz Manzaralı"
	},
	{
		"hotel_id": 1,
		"start_date": "2021-06-29",
		"end_date": "2021-06-30",
		"adult": 1,
		"child": 83,
		"room_type": 1,
		"room_scenic": 2,
		"price": 1196.05,
		"coupon_code": "CODE100",
		"card_name": "123123123123123123123123",
		"card_number": "1231231212312313",
		"card_date_month": "03",
		"card_date_year": "2025",
		"card_cvv": "123",
		"id": 14,
		"discount_amount": 100
	}
]
